n_days,rr_count_mean,rr_count_std,rr_count_min,rr_count_max,rr_ibi_mean_mean,rr_ibi_mean_std,rr_ibi_mean_min,rr_ibi_mean_max,rr_ibi_std_mean,rr_ibi_std_std,rr_ibi_std_min,rr_ibi_std_max,ibi_min_mean,ibi_min_std,ibi_min_min,ibi_min_max,ibi_max_mean,ibi_max_std,ibi_max_min,ibi_max_max,hr_mean_mean,hr_mean_std,hr_mean_min,hr_mean_max,hr_std_mean,hr_std_std,hr_std_min,hr_std_max,hr_min_mean,hr_min_std,hr_min_min,hr_min_max,hr_max_mean,hr_max_std,hr_max_min,hr_max_max,sdnn_mean,sdnn_std,sdnn_min,sdnn_max,rmssd_mean,rmssd_std,rmssd_min,rmssd_max,pnn50_mean,pnn50_std,pnn50_min,pnn50_max,cvnn_mean,cvnn_std,cvnn_min,cvnn_max,activity_total_records_mean,activity_total_records_std,activity_total_records_min,activity_total_records_max,activity_total_minutes_mean,activity_total_minutes_std,activity_total_minutes_min,activity_total_minutes_max,act_sleeping_minutes_mean,act_sleeping_minutes_std,act_sleeping_minutes_min,act_sleeping_minutes_max,act_sleeping_count_mean,act_sleeping_count_std,act_sleeping_count_min,act_sleeping_count_max,act_laying_down_minutes_mean,act_laying_down_minutes_std,act_laying_down_minutes_min,act_laying_down_minutes_max,act_laying_down_count_mean,act_laying_down_count_std,act_laying_down_count_min,act_laying_down_count_max,act_sitting_minutes_mean,act_sitting_minutes_std,act_sitting_minutes_min,act_sitting_minutes_max,act_sitting_count_mean,act_sitting_count_std,act_sitting_count_min,act_sitting_count_max,act_light_movement_minutes_mean,act_light_movement_minutes_std,act_light_movement_minutes_min,act_light_movement_minutes_max,act_light_movement_count_mean,act_light_movement_count_std,act_light_movement_count_min,act_light_movement_count_max,act_medium_movement_minutes_mean,act_medium_movement_minutes_std,act_medium_movement_minutes_min,act_medium_movement_minutes_max,act_medium_movement_count_mean,act_medium_movement_count_std,act_medium_movement_count_min,act_medium_movement_count_max,act_heavy_movement_minutes_mean,act_heavy_movement_minutes_std,act_heavy_movement_minutes_min,act_heavy_movement_minutes_max,act_heavy_movement_count_mean,act_heavy_movement_count_std,act_heavy_movement_count_min,act_heavy_movement_count_max,act_eating_minutes_mean,act_eating_minutes_std,act_eating_minutes_min,act_eating_minutes_max,act_eating_count_mean,act_eating_count_std,act_eating_count_min,act_eating_count_max,act_small_screen_minutes_mean,act_small_screen_minutes_std,act_small_screen_minutes_min,act_small_screen_minutes_max,act_small_screen_count_mean,act_small_screen_count_std,act_small_screen_count_min,act_small_screen_count_max,act_large_screen_minutes_mean,act_large_screen_minutes_std,act_large_screen_minutes_min,act_large_screen_minutes_max,act_large_screen_count_mean,act_large_screen_count_std,act_large_screen_count_min,act_large_screen_count_max,act_caffeine_minutes_mean,act_caffeine_minutes_std,act_caffeine_minutes_min,act_caffeine_minutes_max,act_caffeine_count_mean,act_caffeine_count_std,act_caffeine_count_min,act_caffeine_count_max,act_smoking_minutes_mean,act_smoking_minutes_std,act_smoking_minutes_min,act_smoking_minutes_max,act_smoking_count_mean,act_smoking_count_std,act_smoking_count_min,act_smoking_count_max,act_alcohol_minutes_mean,act_alcohol_minutes_std,act_alcohol_minutes_min,act_alcohol_minutes_max,act_alcohol_count_mean,act_alcohol_count_std,act_alcohol_count_min,act_alcohol_count_max,act_sedentary_minutes_mean,act_sedentary_minutes_std,act_sedentary_minutes_min,act_sedentary_minutes_max,act_mvpa_minutes_mean,act_mvpa_minutes_std,act_mvpa_minutes_min,act_mvpa_minutes_max,act_screen_minutes_mean,act_screen_minutes_std,act_screen_minutes_min,act_screen_minutes_max,act_substance_events_mean,act_substance_events_std,act_substance_events_min,act_substance_events_max,sleep_total_minutes_in_bed_mean,sleep_total_minutes_in_bed_std,sleep_total_minutes_in_bed_min,sleep_total_minutes_in_bed_max,sleep_tst_mean,sleep_tst_std,sleep_tst_min,sleep_tst_max,sleep_waso_mean,sleep_waso_std,sleep_waso_min,sleep_waso_max,sleep_awakenings_n_mean,sleep_awakenings_n_std,sleep_awakenings_n_min,sleep_awakenings_n_max,sleep_latency_mean,sleep_latency_std,sleep_latency_min,sleep_latency_max,sleep_efficiency_mean,sleep_efficiency_std,sleep_efficiency_min,sleep_efficiency_max,sleep_awake_len_avg_mean,sleep_awake_len_avg_std,sleep_awake_len_avg_min,sleep_awake_len_avg_max,sleep_movement_index_mean,sleep_movement_index_std,sleep_movement_index_min,sleep_movement_index_max,sleep_fragmentation_index_mean,sleep_fragmentation_index_std,sleep_fragmentation_index_min,sleep_fragmentation_index_max,sleep_fragmentation_composite_mean,sleep_fragmentation_composite_std,sleep_fragmentation_composite_min,sleep_fragmentation_composite_max,age_mean,age_std,age_min,age_max,weight_mean,weight_std,weight_min,weight_max,height_mean,height_std,height_min,height_max,bmi_mean,bmi_std,bmi_min,bmi_max,meq_mean,meq_std,meq_min,meq_max,pittsburgh_mean,pittsburgh_std,pittsburgh_min,pittsburgh_max,bis_mean,bis_std,bis_min,bis_max,bas_reward_mean,bas_reward_std,bas_reward_min,bas_reward_max,bas_drive_mean,bas_drive_std,bas_drive_min,bas_drive_max,bas_fun_mean,bas_fun_std,bas_fun_min,bas_fun_max,gender_male_mean,gender_male_std,gender_male_min,gender_male_max,user_id,age,weight,height,bmi,meq,pittsburgh,bis,bas_reward,bas_drive,bas_fun,gender_male,label_daily_stress,label_stai1,label_stai2
2.0,45709.5,17416.74712740585,33394.0,58025.0,0.7310620215204021,0.09035423973615585,0.6671719258940113,0.7949521171467929,0.15106443287355412,0.053905148984676694,0.11294773648561808,0.18918112926149014,0.3,0.0,0.3,0.3,1.741,0.1711198410471445,1.62,1.862,86.4887287155955,8.519389864850996,80.46461037058742,92.51284706060359,18.900102794794606,4.075048593231485,16.018608300855924,21.78159728873329,34.63022635954967,3.4037443021670173,32.223415682062296,37.03703703703704,200.0,0.0,200.0,200.0,0.15106443287355412,0.053905148984676694,0.11294773648561808,0.18918112926149014,0.07046767894002304,0.015189008296697738,0.05972742817392933,0.08120792970611673,0.24062596107524264,0.15647603215913375,0.1299806976423549,0.3512712245081304,0.20363565862435912,0.048567430424930766,0.16929329922608471,0.2379780180226335,16.0,18.384776310850235,3.0,29.0,322.5,427.79960261786124,20.0,625.0,2.5,3.5355339059327378,0.0,5.0,0.5,0.7071067811865476,0.0,1.0,128.5,181.7264427649427,0.0,257.0,2.0,2.8284271247461903,0.0,4.0,32.5,24.748737341529164,15.0,50.0,2.5,2.1213203435596424,1.0,4.0,5.0,7.0710678118654755,0.0,10.0,1.0,1.4142135623730951,0.0,2.0,5.0,7.0710678118654755,0.0,10.0,0.5,0.7071067811865476,0.0,1.0,65.0,91.92388155425118,0.0,130.0,2.0,2.8284271247461903,0.0,4.0,30.0,42.42640687119285,0.0,60.0,0.5,0.7071067811865476,0.0,1.0,22.5,31.81980515339464,0.0,45.0,0.5,0.7071067811865476,0.0,1.0,6.5,9.192388155425117,0.0,13.0,1.5,2.1213203435596424,0.0,3.0,25.0,35.35533905932738,0.0,50.0,4.5,6.363961030678928,0.0,9.0,0.0,0.0,0.0,0.0,0.0,0.0,0.0,0.0,0.0,0.0,0.0,0.0,0.0,0.0,0.0,0.0,161.0,206.47518010647187,15.0,307.0,70.0,98.99494936611666,0.0,140.0,29.0,41.012193308819754,0.0,58.0,4.5,6.363961030678928,0.0,9.0,378.0,,378.0,378.0,340.0,,340.0,340.0,38.0,,38.0,38.0,18.0,,18.0,18.0,0.0,,0.0,0.0,89.645,,89.645,89.645,2.11,,2.11,2.11,9.0055,,9.0055,9.0055,5.0,,5.0,5.0,14.005500000000001,,14.005500000000001,14.005500000000001,29.0,0.0,29.0,29.0,65.0,0.0,65.0,65.0,169.0,0.0,169.0,169.0,22.758306781975424,0.0,22.758306781975424,22.758306781975424,47.0,0.0,47.0,47.0,5.0,0.0,5.0,5.0,22.0,0.0,22.0,22.0,21.0,0.0,21.0,21.0,14.0,0.0,14.0,14.0,14.0,0.0,14.0,14.0,1.0,0.0,1.0,1.0,user_1,29.0,65.0,169.0,22.758306781975424,47.0,5.0,22.0,21.0,14.0,14.0,1.0,23.0,41.0,43.0
2.0,33875.5,23524.73550329525,17241.0,50510.0,0.8287993462621175,0.017480558221244117,0.8164387250049495,0.8411599675192855,0.15209317413778262,0.019692575056443277,0.1381684207763465,0.1660179274992187,0.3,0.0,0.3,0.3,1.995,0.005656854249492385,1.991,1.999,75.10904515364886,0.9688123415929983,74.42399137721124,75.79409893008649,15.484142126264722,1.454058390029926,14.455967578433368,16.512316674096077,30.07530887492968,0.08527901694934445,30.015007503751875,30.135610246107483,200.0,0.0,200.0,200.0,0.15209317413778262,0.019692575056443277,0.1381684207763465,0.1660179274992187,0.08054916450204669,0.002224569777156527,0.07897615612739665,0.08212217287669671,0.2857877095391651,0.0044280398568780225,0.2826566125290023,0.28891880654932783,0.18330044914828258,0.019894297645731834,0.16923305637604202,0.19736784192052312,13.0,9.899494936611665,6.0,20.0,586.5,313.2483040656405,365.0,808.0,0.0,0.0,0.0,0.0,0.0,0.0,0.0,0.0,60.0,56.568542494923804,20.0,100.0,2.0,1.4142135623730951,1.0,3.0,150.0,212.13203435596427,0.0,300.0,0.5,0.7071067811865476,0.0,1.0,20.0,28.284271247461902,0.0,40.0,1.0,1.4142135623730951,0.0,2.0,0.0,0.0,0.0,0.0,0.0,0.0,0.0,0.0,45.0,49.49747468305833,10.0,80.0,2.5,2.1213203435596424,1.0,4.0,137.5,109.60155108391487,60.0,215.0,2.0,1.4142135623730951,1.0,3.0,0.0,0.0,0.0,0.0,0.0,0.0,0.0,0.0,7.5,10.606601717798213,0.0,15.0,1.0,1.4142135623730951,0.0,2.0,10.0,7.0710678118654755,5.0,15.0,2.0,1.4142135623730951,1.0,3.0,11.5,2.1213203435596424,10.0,13.0,1.0,0.0,1.0,1.0,0.0,0.0,0.0,0.0,0.0,0.0,0.0,0.0,210.0,268.70057685088807,20.0,400.0,45.0,49.49747468305833,10.0,80.0,7.5,10.606601717798213,0.0,15.0,3.0,1.4142135623730951,2.0,4.0,329.0,,329.0,329.0,247.0,,247.0,247.0,78.0,,78.0,78.0,13.0,,13.0,13.0,4.0,,4.0,4.0,75.08,,75.08,75.08,6.0,,6.0,6.0,20.669,,20.669,20.669,7.692,,7.692,7.692,28.361,,28.361,28.361,27.0,0.0,27.0,27.0,85.0,0.0,85.0,85.0,180.0,0.0,180.0,180.0,26.234567901234566,0.0,26.234567901234566,26.234567901234566,38.0,0.0,38.0,38.0,4.0,0.0,4.0,4.0,19.0,0.0,19.0,19.0,16.0,0.0,16.0,16.0,16.0,0.0,16.0,16.0,14.0,0.0,14.0,14.0,1.0,0.0,1.0,1.0,user_10,27.0,85.0,180.0,26.234567901234566,38.0,4.0,19.0,16.0,16.0,14.0,1.0,14.0,39.0,46.0
2.0,38374.5,13960.409180966008,28503.0,48246.0,0.8698960553302799,0.07383847687996843,0.8176843676159682,0.9221077430445918,0.13743113996006132,0.010574922633109742,0.12995354045566632,0.14490873946445632,0.3035,0.0035355339059327407,0.301,0.306,1.859,0.10182337649086293,1.787,1.931,71.04047257523786,5.905037926823408,66.86498021401728,75.21596493645845,11.818002565454083,0.0148833945652898,11.807478416229891,11.828526714678274,32.323904416991695,1.7704836412619729,31.071983428275505,33.57582540570789,197.70698977265326,2.3031293765440246,196.07843137254903,199.33554817275748,0.13743113996006132,0.010574922633109742,0.12995354045566632,0.14490873946445632,0.05439676821016545,0.008236049631103488,0.048573001665823214,0.06022053475450769,0.22920888857446656,0.08460314852625665,0.16938542854181782,0.2890323486071153,0.15803909947637546,0.00125813165032929,0.15714946605480218,0.1589287328979487,17.5,4.949747468305833,14.0,21.0,611.5,70.0035713374682,562.0,661.0,0.0,0.0,0.0,0.0,0.0,0.0,0.0,0.0,107.5,17.67766952966369,95.0,120.0,5.5,0.7071067811865476,5.0,6.0,212.5,167.58430714121175,94.0,331.0,4.0,2.8284271247461903,2.0,6.0,0.0,0.0,0.0,0.0,0.0,0.0,0.0,0.0,0.0,0.0,0.0,0.0,0.0,0.0,0.0,0.0,38.5,23.33452377915607,22.0,55.0,2.5,2.1213203435596424,1.0,4.0,24.5,23.33452377915607,8.0,41.0,1.0,0.0,1.0,1.0,0.0,0.0,0.0,0.0,0.0,0.0,0.0,0.0,7.0,9.899494936611665,0.0,14.0,2.0,2.8284271247461903,0.0,4.0,0.0,0.0,0.0,0.0,0.0,0.0,0.0,0.0,11.0,15.556349186104045,0.0,22.0,0.5,0.7071067811865476,0.0,1.0,9.5,13.435028842544403,0.0,19.0,1.0,1.4142135623730951,0.0,2.0,320.0,185.26197667087544,189.0,451.0,38.5,23.33452377915607,22.0,55.0,7.0,9.899494936611665,0.0,14.0,1.5,2.1213203435596424,0.0,3.0,,,,,,,,,,,,,,,,,,,,,,,,,,,,,,,,,,,,,,,,,27.0,0.0,27.0,27.0,115.0,0.0,115.0,115.0,186.0,0.0,186.0,186.0,33.240837090993175,0.0,33.240837090993175,33.240837090993175,38.0,0.0,38.0,38.0,7.0,0.0,7.0,7.0,23.0,0.0,23.0,23.0,19.0,0.0,19.0,19.0,11.0,0.0,11.0,11.0,13.0,0.0,13.0,13.0,1.0,0.0,1.0,1.0,user_11,27.0,115.0,186.0,33.240837090993175,38.0,7.0,23.0,19.0,11.0,13.0,1.0,17.0,36.0,43.0
2.0,40603.5,16934.50030263663,28629.0,52578.0,0.8307063521732398,0.07329497291036281,0.7788789798014379,0.8825337245450416,0.17360835907858643,0.11277561786041049,0.09386395493698746,0.2533527632201854,0.33299999999999996,0.016970562748477115,0.321,0.345,1.4024999999999999,0.16617009357883875,1.285,1.52,77.38970928126491,1.2693191868797769,76.49216507673204,78.2872534857978,20.741626331807534,14.164863485659515,10.725555306515973,30.757697357099094,43.083145607208685,5.104549260050342,39.473684210526315,46.692607003891055,180.41446566436406,9.194399430300479,173.91304347826087,186.91588785046727,0.17360835907858643,0.11277561786041049,0.09386395493698746,0.2533527632201854,0.03649363104026507,0.008932200215972528,0.030177611696634948,0.042809650383895184,0.1108942926343611,0.04961298050480306,0.07581261768453887,0.14597596758418332,0.20379295865539185,0.11777762168362119,0.12051160369087954,0.28707431361990415,14.0,9.899494936611665,7.0,21.0,652.5,816.7083322704624,75.0,1230.0,32.5,31.81980515339464,10.0,55.0,1.0,0.0,1.0,1.0,147.5,208.59650045003153,0.0,295.0,1.5,2.1213203435596424,0.0,3.0,40.0,42.42640687119285,10.0,70.0,2.5,2.1213203435596424,1.0,4.0,0.0,0.0,0.0,0.0,0.0,0.0,0.0,0.0,20.0,28.284271247461902,0.0,40.0,1.0,1.4142135623730951,0.0,2.0,47.5,60.10407640085654,5.0,90.0,3.0,2.8284271247461903,1.0,5.0,95.0,134.35028842544403,0.0,190.0,1.0,1.4142135623730951,0.0,2.0,35.0,49.49747468305833,0.0,70.0,1.0,1.4142135623730951,0.0,2.0,17.5,24.748737341529164,0.0,35.0,1.0,1.4142135623730951,0.0,2.0,0.0,0.0,0.0,0.0,0.0,0.0,0.0,0.0,0.0,0.0,0.0,0.0,0.0,0.0,0.0,0.0,7.5,3.5355339059327378,5.0,10.0,1.5,0.7071067811865476,1.0,2.0,187.5,251.02290732122438,10.0,365.0,67.5,31.81980515339464,45.0,90.0,52.5,74.24621202458749,0.0,105.0,1.5,0.7071067811865476,1.0,2.0,364.0,,364.0,364.0,343.0,,343.0,343.0,21.0,,21.0,21.0,12.0,,12.0,12.0,0.0,,0.0,0.0,94.23,,94.23,94.23,1.75,,1.75,1.75,9.066,,9.066,9.066,15.385,,15.385,15.385,24.451,,24.451,24.451,27.0,0.0,27.0,27.0,67.0,0.0,67.0,67.0,170.0,0.0,170.0,170.0,23.18339100346021,0.0,23.18339100346021,23.18339100346021,50.0,0.0,50.0,50.0,4.0,0.0,4.0,4.0,20.0,0.0,20.0,20.0,22.0,0.0,22.0,22.0,10.0,0.0,10.0,10.0,8.0,0.0,8.0,8.0,1.0,0.0,1.0,1.0,user_12,27.0,67.0,170.0,23.18339100346021,50.0,4.0,20.0,22.0,10.0,8.0,1.0,48.0,27.0,33.0
2.0,40619.0,20770.554590573647,25932.0,55306.0,0.8389468178101382,0.15973524302358863,0.7259969442736776,0.9518966913465989,0.12405518518745685,0.016939137909158807,0.11207740590443654,0.13603296447047716,0.318,0.009899494936611674,0.311,0.325,1.6909999999999998,0.05232590180780456,1.654,1.728,74.59721220820849,14.065303937037893,64.65154041487915,84.54288400153783,12.070984945809647,0.6559239797958664,11.607176651753122,12.534793239866172,35.49895875319092,1.0984713364865621,34.72222222222222,36.27569528415962,188.7707148157309,5.876524325468226,184.6153846153846,192.92604501607718,0.12405518518745685,0.016939137909158807,0.11207740590443654,0.13603296447047716,0.03879166003726956,0.009610217610572503,0.031996209996155364,0.04558711007838376,0.12986897892643406,0.07626355690987108,0.07594250067805804,0.18379545717481008,0.148642259634145,0.008110489738595789,0.14290727734124,0.15437724192705,7.0,,7.0,7.0,1240.0,,1240.0,1240.0,0.0,,0.0,0.0,0.0,,0.0,0.0,180.0,,180.0,180.0,2.0,,2.0,2.0,420.0,,420.0,420.0,2.0,,2.0,2.0,0.0,,0.0,0.0,0.0,,0.0,0.0,0.0,,0.0,0.0,0.0,,0.0,0.0,150.0,,150.0,150.0,2.0,,2.0,2.0,0.0,,0.0,0.0,0.0,,0.0,0.0,0.0,,0.0,0.0,0.0,,0.0,0.0,0.0,,0.0,0.0,0.0,,0.0,0.0,0.0,,0.0,0.0,0.0,,0.0,0.0,0.0,,0.0,0.0,0.0,,0.0,0.0,0.0,,0.0,0.0,0.0,,0.0,0.0,600.0,,600.0,600.0,150.0,,150.0,150.0,0.0,,0.0,0.0,0.0,,0.0,0.0,323.0,,323.0,323.0,247.0,,247.0,247.0,76.0,,76.0,76.0,19.0,,19.0,19.0,0.0,,0.0,0.0,76.47,,76.47,76.47,4.0,,4.0,4.0,17.957,,17.957,17.957,15.789,,15.789,15.789,33.746,,33.746,33.746,25.0,0.0,25.0,25.0,74.0,0.0,74.0,74.0,180.0,0.0,180.0,180.0,22.839506172839506,0.0,22.839506172839506,22.839506172839506,48.0,0.0,48.0,48.0,4.0,0.0,4.0,4.0,22.0,0.0,22.0,22.0,19.0,0.0,19.0,19.0,14.0,0.0,14.0,14.0,12.0,0.0,12.0,12.0,1.0,0.0,1.0,1.0,user_13,25.0,74.0,180.0,22.839506172839506,48.0,4.0,22.0,19.0,14.0,12.0,1.0,27.0,30.0,43.0
2.0,39262.0,18595.494131643827,26113.0,52411.0,0.8521719049945975,0.0764793157808954,0.798092862185419,0.9062509478037759,0.1492064343040839,0.060140822863705,0.10668045063101912,0.19173241797714866,0.3755,0.08414570696119915,0.316,0.435,1.276,0.21354624791833737,1.125,1.427,73.42130227823841,4.622120011345245,70.15296987475814,76.68963468171867,15.318006382517124,5.384230138891871,11.510780739837696,19.125232025196553,47.68979210464845,7.98117254541789,42.04625087596356,53.333333333333336,163.9022261021388,36.72881141911791,137.93103448275863,189.873417721519,0.1492064343040839,0.060140822863705,0.10668045063101912,0.19173241797714866,0.03142100777102384,0.0009762911553859642,0.030730665674637975,0.032111349867409704,0.0881148298168008,0.01667325056974759,0.0763250612745098,0.09990459835909178,0.1726179025479956,0.05508175464385744,0.1336692203196704,0.21156658477632082,11.5,7.7781745930520225,6.0,17.0,716.5,287.79245994292484,513.0,920.0,23.0,32.526911934581186,0.0,46.0,0.5,0.7071067811865476,0.0,1.0,52.5,74.24621202458749,0.0,105.0,0.5,0.7071067811865476,0.0,1.0,46.0,46.66904755831214,13.0,79.0,3.5,2.1213203435596424,2.0,5.0,0.0,0.0,0.0,0.0,0.0,0.0,0.0,0.0,0.0,0.0,0.0,0.0,0.0,0.0,0.0,0.0,29.0,29.698484809834994,8.0,50.0,2.0,1.4142135623730951,1.0,3.0,294.5,314.66251762801363,72.0,517.0,3.5,2.1213203435596424,2.0,5.0,59.0,83.43860018001261,0.0,118.0,0.5,0.7071067811865476,0.0,1.0,0.0,0.0,0.0,0.0,0.0,0.0,0.0,0.0,0.0,0.0,0.0,0.0,0.0,0.0,0.0,0.0,0.0,0.0,0.0,0.0,0.0,0.0,0.0,0.0,2.5,3.5355339059327378,0.0,5.0,0.5,0.7071067811865476,0.0,1.0,98.5,120.91525958289962,13.0,184.0,29.0,29.698484809834994,8.0,50.0,59.0,83.43860018001261,0.0,118.0,0.5,0.7071067811865476,0.0,1.0,412.0,,412.0,412.0,374.0,,374.0,374.0,38.0,,38.0,38.0,19.0,,19.0,19.0,0.0,,0.0,0.0,90.78,,90.78,90.78,2.0,,2.0,2.0,11.408,,11.408,11.408,0.0,,0.0,0.0,11.408,,11.408,11.408,27.0,0.0,27.0,27.0,64.0,0.0,64.0,64.0,171.0,0.0,171.0,171.0,21.887076365377382,0.0,21.887076365377382,21.887076365377382,59.0,0.0,59.0,59.0,2.0,0.0,2.0,2.0,24.0,0.0,24.0,24.0,14.0,0.0,14.0,14.0,11.0,0.0,11.0,11.0,5.0,0.0,5.0,5.0,1.0,0.0,1.0,1.0,user_14,27.0,64.0,171.0,21.887076365377382,59.0,2.0,24.0,14.0,11.0,5.0,1.0,26.0,48.0,45.0
2.0,49471.5,19837.88074618859,35444.0,63499.0,0.700971111063992,0.10974103886690789,0.623372478306745,0.7785697438212391,0.18579290287768394,0.10530471753073617,0.11133122302076648,0.2602545827346014,0.3,0.0,0.3,0.3,1.9929999999999999,0.009899494936611674,1.986,2.0,94.75290126318048,6.487369910211726,90.1656380076042,99.34016451875675,30.074063645790247,17.117449662316986,17.97019891294653,42.177928378633965,30.10574018126888,0.1495391984382419,30.0,30.211480362537763,200.0,0.0,200.0,200.0,0.18579290287768394,0.10530471753073617,0.11133122302076648,0.2602545827346014,0.09123501527020528,0.050465955153121626,0.05555019616237679,0.12691983437803378,0.26925244025106726,0.22296261115142793,0.11159406595483322,0.4269108145473013,0.2564338444676288,0.11008071491148687,0.17859502447585332,0.33427266445940423,5.0,5.656854249492381,1.0,9.0,570.0,791.9595949289333,10.0,1130.0,0.0,0.0,0.0,0.0,0.0,0.0,0.0,0.0,0.0,0.0,0.0,0.0,0.0,0.0,0.0,0.0,180.0,254.55844122715712,0.0,360.0,1.0,1.4142135623730951,0.0,2.0,0.0,0.0,0.0,0.0,0.0,0.0,0.0,0.0,60.0,84.8528137423857,0.0,120.0,0.5,0.7071067811865476,0.0,1.0,35.0,49.49747468305833,0.0,70.0,1.5,2.1213203435596424,0.0,3.0,0.0,0.0,0.0,0.0,0.0,0.0,0.0,0.0,0.0,0.0,0.0,0.0,0.0,0.0,0.0,0.0,15.0,21.213203435596427,0.0,30.0,0.5,0.7071067811865476,0.0,1.0,0.0,0.0,0.0,0.0,0.0,0.0,0.0,0.0,0.0,0.0,0.0,0.0,0.0,0.0,0.0,0.0,10.0,0.0,10.0,10.0,1.0,0.0,1.0,1.0,180.0,254.55844122715712,0.0,360.0,95.0,134.35028842544403,0.0,190.0,15.0,21.213203435596427,0.0,30.0,1.0,0.0,1.0,1.0,264.0,,264.0,264.0,236.0,,236.0,236.0,27.0,,27.0,27.0,15.0,,15.0,15.0,1.0,,1.0,1.0,89.39,,89.39,89.39,1.8,,1.8,1.8,18.561,,18.561,18.561,0.0,,0.0,0.0,18.561,,18.561,18.561,24.0,0.0,24.0,24.0,80.0,0.0,80.0,80.0,180.0,0.0,180.0,180.0,24.691358024691358,0.0,24.691358024691358,24.691358024691358,58.0,0.0,58.0,58.0,5.0,0.0,5.0,5.0,25.0,0.0,25.0,25.0,25.0,0.0,25.0,25.0,16.0,0.0,16.0,16.0,16.0,0.0,16.0,16.0,1.0,0.0,1.0,1.0,user_15,24.0,80.0,180.0,24.691358024691358,58.0,5.0,25.0,25.0,16.0,16.0,1.0,35.0,52.0,42.0
2.0,38949.5,20322.95599808256,24579.0,53320.0,0.9123741058296431,0.1956071484088451,0.7740589647411853,1.0506892469181008,0.1646038661875735,0.09116889046674184,0.10013772550528674,0.22907000686986023,0.3,0.0,0.3,0.3,1.8010000000000002,0.1329360748630709,1.707,1.895,70.03866198293852,12.567895124702668,61.15181811501991,78.92550585085712,15.732596492434691,6.338063988785193,11.250908466370424,20.21428451849896,33.40582700752605,2.4657631981872736,31.662269129287598,35.1493848857645,200.0,0.0,200.0,200.0,0.1646038661875735,0.09116889046674184,0.10013772550528674,0.22907000686986023,0.07689910076981527,0.05528814449959668,0.03780447887492873,0.11599372266470179,0.21092220099576126,0.19643828837416524,0.07201935520171046,0.349825046789812,0.17369292454720808,0.06268625165031678,0.12936705091810266,0.21801879817631348,9.5,6.363961030678928,5.0,14.0,630.0,176.7766952966369,505.0,755.0,20.0,28.284271247461902,0.0,40.0,0.5,0.7071067811865476,0.0,1.0,80.0,113.13708498984761,0.0,160.0,0.5,0.7071067811865476,0.0,1.0,175.0,226.27416997969522,15.0,335.0,3.0,2.8284271247461903,1.0,5.0,0.0,0.0,0.0,0.0,0.0,0.0,0.0,0.0,0.0,0.0,0.0,0.0,0.0,0.0,0.0,0.0,47.5,17.67766952966369,35.0,60.0,2.5,0.7071067811865476,2.0,3.0,0.0,0.0,0.0,0.0,0.0,0.0,0.0,0.0,60.0,84.8528137423857,0.0,120.0,0.5,0.7071067811865476,0.0,1.0,15.0,21.213203435596427,0.0,30.0,1.0,1.4142135623730951,0.0,2.0,0.0,0.0,0.0,0.0,0.0,0.0,0.0,0.0,0.0,0.0,0.0,0.0,0.0,0.0,0.0,0.0,10.0,0.0,10.0,10.0,1.0,0.0,1.0,1.0,255.0,339.4112549695428,15.0,495.0,47.5,17.67766952966369,35.0,60.0,75.0,106.06601717798213,0.0,150.0,1.0,0.0,1.0,1.0,456.0,,456.0,456.0,339.0,,339.0,339.0,113.0,,113.0,113.0,39.0,,39.0,39.0,4.0,,4.0,4.0,74.34,,74.34,74.34,2.9,,2.9,2.9,16.227999999999998,,16.227999999999998,16.227999999999998,15.385,,15.385,15.385,31.613000000000003,,31.613000000000003,31.613000000000003,27.0,0.0,27.0,27.0,67.0,0.0,67.0,67.0,176.0,0.0,176.0,176.0,21.62964876033058,0.0,21.62964876033058,21.62964876033058,45.0,0.0,45.0,45.0,5.0,0.0,5.0,5.0,26.0,0.0,26.0,26.0,19.0,0.0,19.0,19.0,11.0,0.0,11.0,11.0,13.0,0.0,13.0,13.0,1.0,0.0,1.0,1.0,user_16,27.0,67.0,176.0,21.62964876033058,45.0,5.0,26.0,19.0,11.0,13.0,1.0,32.0,29.0,41.0
2.0,46257.5,22373.56566352355,30437.0,62078.0,0.7436473097333912,0.14132976868948077,0.6437120719095332,0.8435825475572493,0.1712760301837342,0.08531264121645624,0.11095088305864302,0.23160117730882535,0.3005,0.0007071067811865482,0.3,0.301,1.788,0.29839906166072316,1.577,1.999,86.95570609297951,12.816212152495297,77.89327557082466,96.01813661513438,21.379310959244208,6.49960866109306,16.78339359992649,25.97522831856193,34.0309660220091,5.679423002447131,30.015007503751875,38.04692454026633,199.66777408637876,0.4698383928149754,199.33554817275748,200.0,0.1712760301837342,0.08531264121645624,0.11095088305864302,0.23160117730882535,0.06933955826373629,0.02767929188814684,0.049767343271185864,0.08891177325628671,0.2689967090354654,0.13599497678452854,0.17283373874381816,0.36515967932711263,0.22345290616874885,0.07225480812120262,0.17236104137291366,0.2745447709645841,12.0,4.242640687119285,9.0,15.0,531.0,79.19595949289332,475.0,587.0,24.5,34.64823227814083,0.0,49.0,0.5,0.7071067811865476,0.0,1.0,8.0,9.899494936611665,1.0,15.0,1.0,0.0,1.0,1.0,206.0,248.90158697766472,30.0,382.0,3.5,2.1213203435596424,2.0,5.0,0.0,0.0,0.0,0.0,0.0,0.0,0.0,0.0,35.0,49.49747468305833,0.0,70.0,0.5,0.7071067811865476,0.0,1.0,52.5,58.68986283848344,11.0,94.0,3.5,3.5355339059327378,1.0,6.0,0.0,0.0,0.0,0.0,0.0,0.0,0.0,0.0,0.0,0.0,0.0,0.0,0.5,0.7071067811865476,0.0,1.0,25.5,20.506096654409877,11.0,40.0,1.0,0.0,1.0,1.0,0.0,0.0,0.0,0.0,0.0,0.0,0.0,0.0,0.0,0.0,0.0,0.0,0.0,0.0,0.0,0.0,6.5,9.192388155425117,0.0,13.0,1.0,1.4142135623730951,0.0,2.0,214.0,239.00209204105306,45.0,383.0,87.5,108.18733752154178,11.0,164.0,25.5,20.506096654409877,11.0,40.0,1.0,1.4142135623730951,0.0,2.0,352.0,,352.0,352.0,306.0,,306.0,306.0,46.0,,46.0,46.0,20.0,,20.0,20.0,0.0,,0.0,0.0,86.93,,86.93,86.93,2.3,,2.3,2.3,9.375,,9.375,9.375,19.048,,19.048,19.048,28.423,,28.423,28.423,24.0,0.0,24.0,24.0,60.0,0.0,60.0,60.0,175.0,0.0,175.0,175.0,19.591836734693878,0.0,19.591836734693878,19.591836734693878,49.0,0.0,49.0,49.0,3.0,0.0,3.0,3.0,22.0,0.0,22.0,22.0,24.0,0.0,24.0,24.0,14.0,0.0,14.0,14.0,13.0,0.0,13.0,13.0,1.0,0.0,1.0,1.0,user_17,24.0,60.0,175.0,19.591836734693878,49.0,3.0,22.0,24.0,14.0,13.0,1.0,20.0,34.0,49.0
2.0,36882.0,15638.373572721684,25824.0,47940.0,0.8677472660363481,0.05282181859027022,0.8303965999165623,0.9050979321561338,0.15517319312584732,0.0615993423343081,0.1116158804446265,0.19873050580706816,0.3005,0.0007071067811865482,0.3,0.301,1.851,0.12020815280171303,1.766,1.936,72.20567278376149,2.053486676625843,70.75363842964313,73.65770713787985,16.734989424732557,8.087534123615743,11.016239202846263,22.45373964661885,32.48341023745122,2.109546591758112,30.991735537190085,33.975084937712346,199.66777408637876,0.4698383928149754,199.33554817275748,200.0,0.15517319312584732,0.0615993423343081,0.1116158804446265,0.19873050580706816,0.09551689651670828,0.050823621372509106,0.059579169199749545,0.13145462383366702,0.2871627543211599,0.10868771463563275,0.2103089342706356,0.36401657437168417,0.17699034847599102,0.060213834488407295,0.1344127377879938,0.21956795916398822,11.5,0.7071067811865476,11.0,12.0,707.0,216.37467504308356,554.0,860.0,0.0,0.0,0.0,0.0,0.0,0.0,0.0,0.0,140.0,155.56349186104046,30.0,250.0,2.5,2.1213203435596424,1.0,4.0,15.0,21.213203435596427,0.0,30.0,0.5,0.7071067811865476,0.0,1.0,0.0,0.0,0.0,0.0,0.0,0.0,0.0,0.0,0.0,0.0,0.0,0.0,0.0,0.0,0.0,0.0,20.0,7.0710678118654755,15.0,25.0,1.5,0.7071067811865476,1.0,2.0,237.0,287.0853531617383,34.0,440.0,3.0,1.4142135623730951,2.0,4.0,0.0,0.0,0.0,0.0,0.0,0.0,0.0,0.0,7.5,10.606601717798213,0.0,15.0,0.5,0.7071067811865476,0.0,1.0,0.0,0.0,0.0,0.0,0.0,0.0,0.0,0.0,30.0,42.42640687119285,0.0,60.0,0.5,0.7071067811865476,0.0,1.0,22.5,31.81980515339464,0.0,45.0,1.5,2.1213203435596424,0.0,3.0,155.0,134.35028842544403,60.0,250.0,20.0,7.0710678118654755,15.0,25.0,7.5,10.606601717798213,0.0,15.0,2.0,1.4142135623730951,1.0,3.0,358.0,,358.0,358.0,302.0,,302.0,302.0,53.0,,53.0,53.0,9.0,,9.0,9.0,3.0,,3.0,3.0,84.36,,84.36,84.36,5.89,,5.89,5.89,16.48,,16.48,16.48,20.0,,20.0,20.0,36.48,,36.48,36.48,0.0,0.0,0.0,0.0,80.0,0.0,80.0,80.0,180.0,0.0,180.0,180.0,24.691358024691358,0.0,24.691358024691358,24.691358024691358,55.0,0.0,55.0,55.0,5.0,0.0,5.0,5.0,26.0,0.0,26.0,26.0,18.0,0.0,18.0,18.0,8.0,0.0,8.0,8.0,11.0,0.0,11.0,11.0,1.0,0.0,1.0,1.0,user_18,0.0,80.0,180.0,24.691358024691358,55.0,5.0,26.0,18.0,8.0,11.0,1.0,32.0,33.0,44.0
2.0,40053.5,20308.813862458832,25693.0,54414.0,0.869900788737655,0.19694579459418401,0.7306390818539346,1.0091624956213754,0.15286678344068194,0.027543005077142906,0.1333909377763787,0.1723426291049852,0.3,0.0,0.3,0.3,1.923,0.10606601717798207,1.848,1.998,73.22504860388226,16.17626988300623,61.78669847530483,84.66339873245968,14.381289322667056,0.2968745942204237,14.17136728393179,14.591211361402323,31.24878124878125,1.7235745027167102,30.03003003003003,32.467532467532465,200.0,0.0,200.0,200.0,0.15286678344068194,0.027543005077142906,0.1333909377763787,0.1723426291049852,0.06922363276129416,0.012674263778359904,0.06026157489706884,0.07818569062551949,0.2141212830670144,0.2079484015504133,0.06707955819381398,0.36116300794021483,0.1766726800154065,0.008336509594500883,0.17077787754970822,0.1825674824811048,10.5,12.020815280171307,2.0,19.0,647.5,880.3479425772516,25.0,1270.0,22.5,31.81980515339464,0.0,45.0,0.5,0.7071067811865476,0.0,1.0,55.0,77.78174593052023,0.0,110.0,2.0,2.8284271247461903,0.0,4.0,132.5,159.0990257669732,20.0,245.0,2.5,2.1213203435596424,1.0,4.0,0.0,0.0,0.0,0.0,0.0,0.0,0.0,0.0,0.0,0.0,0.0,0.0,0.0,0.0,0.0,0.0,47.5,67.17514421272202,0.0,95.0,2.5,3.5355339059327378,0.0,5.0,65.0,91.92388155425118,0.0,130.0,1.0,1.4142135623730951,0.0,2.0,32.5,45.96194077712559,0.0,65.0,0.5,0.7071067811865476,0.0,1.0,0.0,0.0,0.0,0.0,0.0,0.0,0.0,0.0,0.0,0.0,0.0,0.0,0.0,0.0,0.0,0.0,0.0,0.0,0.0,0.0,0.0,0.0,0.0,0.0,5.0,0.0,5.0,5.0,1.0,0.0,1.0,1.0,187.5,236.88077169749343,20.0,355.0,47.5,67.17514421272202,0.0,95.0,32.5,45.96194077712559,0.0,65.0,1.0,0.0,1.0,1.0,459.0,,459.0,459.0,340.0,,340.0,340.0,118.0,,118.0,118.0,44.0,,44.0,44.0,1.0,,1.0,1.0,74.07,,74.07,74.07,2.68,,2.68,2.68,18.954,,18.954,18.954,22.222,,22.222,22.222,41.176,,41.176,41.176,22.0,0.0,22.0,22.0,70.0,0.0,70.0,70.0,183.0,0.0,183.0,183.0,20.902385858042937,0.0,20.902385858042937,20.902385858042937,44.0,0.0,44.0,44.0,4.0,0.0,4.0,4.0,21.0,0.0,21.0,21.0,20.0,0.0,20.0,20.0,12.0,0.0,12.0,12.0,11.0,0.0,11.0,11.0,1.0,0.0,1.0,1.0,user_19,22.0,70.0,183.0,20.902385858042937,44.0,4.0,21.0,20.0,12.0,11.0,1.0,31.0,26.0,35.0
2.0,35326.0,18497.91339584008,22246.0,48406.0,0.8414965929679223,0.11735135957863349,0.7585166508284097,0.924476535107435,0.18079600798953638,0.07293483330087233,0.12922329277777914,0.23236872320129365,0.3,0.0,0.3,0.3,1.9875,0.013435028842544494,1.978,1.997,75.72844729160622,8.721246932159492,69.56159444547387,81.89530013773857,18.723830480514735,1.2604752010123865,17.8325399183614,19.615121042668072,30.189368987758684,0.2040729776547192,30.045067601402103,30.33367037411527,200.0,0.0,200.0,200.0,0.18079600798953638,0.07293483330087233,0.12922329277777914,0.23236872320129365,0.08779857833807969,0.013868179005478721,0.07799229492059677,0.0976048617555626,0.13886446281003248,0.031721107401267865,0.11643425265984919,0.16129467296021577,0.21085741569650013,0.05726752703975351,0.17036315898490645,0.2513516724080938,12.0,5.656854249492381,8.0,16.0,303.0,103.23759005323593,230.0,376.0,6.0,8.48528137423857,0.0,12.0,1.0,1.4142135623730951,0.0,2.0,22.0,16.97056274847714,10.0,34.0,2.5,2.1213203435596424,1.0,4.0,50.5,43.1335136523794,20.0,81.0,2.0,1.4142135623730951,1.0,3.0,8.5,12.020815280171307,0.0,17.0,0.5,0.7071067811865476,0.0,1.0,0.0,0.0,0.0,0.0,0.0,0.0,0.0,0.0,26.0,36.76955262170047,0.0,52.0,1.5,2.1213203435596424,0.0,3.0,80.0,113.13708498984761,0.0,160.0,1.5,2.1213203435596424,0.0,3.0,15.0,21.213203435596427,0.0,30.0,0.5,0.7071067811865476,0.0,1.0,1.0,1.4142135623730951,0.0,2.0,0.5,0.7071067811865476,0.0,1.0,0.0,0.0,0.0,0.0,0.0,0.0,0.0,0.0,0.0,0.0,0.0,0.0,0.0,0.0,0.0,0.0,10.0,14.142135623730951,0.0,20.0,1.0,1.4142135623730951,0.0,2.0,72.5,60.10407640085654,30.0,115.0,26.0,36.76955262170047,0.0,52.0,16.0,22.627416997969522,0.0,32.0,1.0,1.4142135623730951,0.0,2.0,332.0,,332.0,332.0,244.0,,244.0,244.0,84.0,,84.0,84.0,18.0,,18.0,18.0,4.0,,4.0,4.0,73.49,,73.49,73.49,4.67,,4.67,4.67,15.06,,15.06,15.06,5.556,,5.556,5.556,20.616,,20.616,20.616,27.0,0.0,27.0,27.0,95.0,0.0,95.0,95.0,183.0,0.0,183.0,183.0,28.367523664486843,0.0,28.367523664486843,28.367523664486843,52.0,0.0,52.0,52.0,7.0,0.0,7.0,7.0,26.0,0.0,26.0,26.0,21.0,0.0,21.0,21.0,12.0,0.0,12.0,12.0,6.0,0.0,6.0,6.0,1.0,0.0,1.0,1.0,user_2,27.0,95.0,183.0,28.367523664486843,52.0,7.0,26.0,21.0,12.0,6.0,1.0,26.0,24.0,39.0
2.0,35957.0,20289.721979366794,21610.0,50304.0,0.90798455519916,0.15847148156402383,0.7959282959605598,1.0200408144377602,0.15492063018264324,0.04876027167940136,0.12044191142564016,0.1893993489396463,0.3045,0.006363961030678933,0.3,0.309,1.969,0.033941125496954314,1.945,1.993,69.33103973755877,11.159598506418666,61.44001195835086,77.22206751676667,13.747988323334308,1.1526523632955306,12.932940020897338,14.563036625771277,30.476848919805434,0.5253522366372951,30.105368790767685,30.848329048843187,197.0873786407767,4.119068628271141,194.1747572815534,200.0,0.15492063018264324,0.04876027167940136,0.12044191142564016,0.1893993489396463,0.06039560412396139,0.0034591130954310166,0.05794964179729093,0.06284156645063185,0.19245381825049912,0.16317320569481822,0.07707293799574579,0.30783469850525247,0.16850038580783877,0.0242931069366982,0.1513225651568095,0.185678206458868,9.0,4.242640687119285,6.0,12.0,487.5,31.81980515339464,465.0,510.0,0.0,0.0,0.0,0.0,0.0,0.0,0.0,0.0,0.0,0.0,0.0,0.0,0.0,0.0,0.0,0.0,15.0,21.213203435596427,0.0,30.0,0.5,0.7071067811865476,0.0,1.0,0.0,0.0,0.0,0.0,0.0,0.0,0.0,0.0,7.5,10.606601717798213,0.0,15.0,0.5,0.7071067811865476,0.0,1.0,41.0,50.91168824543142,5.0,77.0,2.0,1.4142135623730951,1.0,3.0,105.0,148.49242404917499,0.0,210.0,1.0,1.4142135623730951,0.0,2.0,60.0,84.8528137423857,0.0,120.0,0.5,0.7071067811865476,0.0,1.0,24.0,26.870057685088806,5.0,43.0,2.5,2.1213203435596424,1.0,4.0,0.0,0.0,0.0,0.0,0.0,0.0,0.0,0.0,22.5,31.81980515339464,0.0,45.0,0.5,0.7071067811865476,0.0,1.0,5.0,7.0710678118654755,0.0,10.0,1.0,1.4142135623730951,0.0,2.0,15.0,21.213203435596427,0.0,30.0,48.5,61.518289963229634,5.0,92.0,84.0,111.72287142747452,5.0,163.0,1.5,0.7071067811865476,1.0,2.0,436.0,,436.0,436.0,384.0,,384.0,384.0,52.0,,52.0,52.0,12.0,,12.0,12.0,0.0,,0.0,0.0,88.07,,88.07,88.07,4.33,,4.33,4.33,11.009,,11.009,11.009,0.0,,0.0,0.0,11.009,,11.009,11.009,29.0,0.0,29.0,29.0,70.0,0.0,70.0,70.0,175.0,0.0,175.0,175.0,22.857142857142858,0.0,22.857142857142858,22.857142857142858,44.0,0.0,44.0,44.0,5.0,0.0,5.0,5.0,22.0,0.0,22.0,22.0,22.0,0.0,22.0,22.0,11.0,0.0,11.0,11.0,9.0,0.0,9.0,9.0,1.0,0.0,1.0,1.0,user_20,29.0,70.0,175.0,22.857142857142858,44.0,5.0,22.0,22.0,11.0,9.0,1.0,22.0,44.0,42.0
2.0,40813.0,17223.706976141926,28634.0,52992.0,0.8066099638051536,0.06930783873721387,0.757601921044686,0.8556180065656213,0.1474115504975319,0.05838359714024499,0.10612811304960115,0.18869498794546266,0.303,0.0028284271247461927,0.301,0.305,1.6005,0.3471894295625949,1.355,1.846,77.83738813890118,4.31173426048283,74.7885316046394,80.88624467316295,17.06425344504598,6.6842556809496765,12.337770925861761,21.7907359642302,38.391575681737315,8.328115751922251,32.50270855904659,44.28044280442804,198.02842982408367,1.8485444963212474,196.72131147540983,199.33554817275748,0.1474115504975319,0.05838359714024499,0.10612811304960115,0.18869498794546266,0.04057227761224097,0.0047502387126767895,0.03721335160625236,0.04393120361822959,0.12908976154594093,0.04365045791055886,0.09822422675548678,0.15995529633639508,0.18031037831359042,0.05688830609154875,0.14008427130604034,0.22053648532114054,10.0,4.242640687119285,7.0,13.0,877.0,513.3595231414336,514.0,1240.0,0.0,0.0,0.0,0.0,0.0,0.0,0.0,0.0,602.0,683.0651506262049,119.0,1085.0,2.5,2.1213203435596424,1.0,4.0,37.5,17.67766952966369,25.0,50.0,2.0,1.4142135623730951,1.0,3.0,0.0,0.0,0.0,0.0,0.0,0.0,0.0,0.0,0.0,0.0,0.0,0.0,0.0,0.0,0.0,0.0,40.0,42.42640687119285,10.0,70.0,2.5,2.1213203435596424,1.0,4.0,0.0,0.0,0.0,0.0,0.0,0.0,0.0,0.0,0.0,0.0,0.0,0.0,0.0,0.0,0.0,0.0,20.0,14.142135623730951,10.0,30.0,2.0,1.4142135623730951,1.0,3.0,0.0,0.0,0.0,0.0,0.0,0.0,0.0,0.0,0.0,0.0,0.0,0.0,0.0,0.0,0.0,0.0,0.0,0.0,0.0,0.0,0.0,0.0,0.0,0.0,639.5,665.3874810965413,169.0,1110.0,40.0,42.42640687119285,10.0,70.0,20.0,14.142135623730951,10.0,30.0,0.0,0.0,0.0,0.0,297.0,,297.0,297.0,273.0,,273.0,273.0,24.0,,24.0,24.0,18.0,,18.0,18.0,0.0,,0.0,0.0,91.92,,91.92,91.92,1.33,,1.33,1.33,6.734,,6.734,6.734,0.0,,0.0,0.0,6.734,,6.734,6.734,28.0,0.0,28.0,28.0,70.0,0.0,70.0,70.0,175.0,0.0,175.0,175.0,22.857142857142858,0.0,22.857142857142858,22.857142857142858,55.0,0.0,55.0,55.0,4.0,0.0,4.0,4.0,23.0,0.0,23.0,23.0,17.0,0.0,17.0,17.0,10.0,0.0,10.0,10.0,7.0,0.0,7.0,7.0,1.0,0.0,1.0,1.0,user_21,28.0,70.0,175.0,22.857142857142858,55.0,4.0,23.0,17.0,10.0,7.0,1.0,30.0,38.0,35.0
2.0,35462.5,17787.271080747603,22885.0,48040.0,0.9574057648572116,0.1423009106347606,0.8567838259783515,1.0580277037360717,0.15107840299400832,0.06170245415687315,0.10744817924383124,0.1947086267441854,0.318,0.019798989873223347,0.304,0.332,1.7395,0.11525840533340727,1.658,1.821,65.03864440073991,8.704747632117959,58.883458321551764,71.19383047992807,10.784580883357975,1.8149974995412794,9.50118384359571,12.067977923120242,34.568553844074856,2.2904951944524843,32.948929159802304,36.18817852834741,189.0456563094483,11.770166776250411,180.72289156626505,197.3684210526316,0.15107840299400832,0.06170245415687315,0.10744817924383124,0.1947086267441854,0.05121502905007708,0.00201246584688712,0.04979200080283687,0.05263805729731729,0.2286412355836604,0.059251492065057594,0.18674410374903724,0.2705383674182835,0.15471926953357765,0.04145134974763689,0.12540873903768832,0.18402980002946698,5.5,4.949747468305833,2.0,9.0,539.0,227.6883835420683,378.0,700.0,0.0,0.0,0.0,0.0,0.0,0.0,0.0,0.0,10.0,14.142135623730951,0.0,20.0,0.5,0.7071067811865476,0.0,1.0,245.0,346.4823227814083,0.0,490.0,2.0,2.8284271247461903,0.0,4.0,0.0,0.0,0.0,0.0,0.0,0.0,0.0,0.0,0.0,0.0,0.0,0.0,0.0,0.0,0.0,0.0,40.0,56.568542494923804,0.0,80.0,1.5,2.1213203435596424,0.0,3.0,60.0,84.8528137423857,0.0,120.0,0.5,0.7071067811865476,0.0,1.0,0.0,0.0,0.0,0.0,0.0,0.0,0.0,0.0,0.0,0.0,0.0,0.0,0.0,0.0,0.0,0.0,0.0,0.0,0.0,0.0,0.0,0.0,0.0,0.0,5.0,7.0710678118654755,0.0,10.0,0.5,0.7071067811865476,0.0,1.0,0.0,0.0,0.0,0.0,0.0,0.0,0.0,0.0,255.0,332.34018715767735,20.0,490.0,40.0,56.568542494923804,0.0,80.0,0.0,0.0,0.0,0.0,0.5,0.7071067811865476,0.0,1.0,358.0,,358.0,358.0,304.0,,304.0,304.0,51.0,,51.0,51.0,21.0,,21.0,21.0,3.0,,3.0,3.0,84.92,,84.92,84.92,2.43,,2.43,2.43,14.804,,14.804,14.804,13.636,,13.636,13.636,28.44,,28.44,28.44,32.0,0.0,32.0,32.0,92.0,0.0,92.0,92.0,205.0,0.0,205.0,205.0,21.891731112433078,0.0,21.891731112433078,21.891731112433078,52.0,0.0,52.0,52.0,5.0,0.0,5.0,5.0,24.0,0.0,24.0,24.0,21.0,0.0,21.0,21.0,9.0,0.0,9.0,9.0,11.0,0.0,11.0,11.0,1.0,0.0,1.0,1.0,user_22,32.0,92.0,205.0,21.891731112433078,52.0,5.0,24.0,21.0,9.0,11.0,1.0,41.0,41.0,48.0
2.0,41791.0,18635.092111390273,28614.0,54968.0,0.807977694452792,0.13333755706173847,0.7136938036675885,0.9022615852379955,0.16670999781101922,0.04341190360957782,0.13601314638446999,0.19740684923756846,0.3005,0.0007071067811865482,0.3,0.301,1.992,0.004242640687119289,1.989,1.995,79.07854168887566,12.338802615575098,70.3536906876802,87.80339269007112,19.49681575259722,1.8511962195287028,18.187822352461573,20.805809152732866,30.120550244389253,0.06415194376770361,30.075187969924812,30.165912518853695,199.66777408637876,0.4698383928149754,199.33554817275748,200.0,0.16670999781101922,0.04341190360957782,0.13601314638446999,0.19740684923756846,0.06875337360318762,0.00850376648706751,0.06274030265455528,0.07476644455181997,0.23414865649229438,0.07459822046043289,0.18139974894027325,0.28689756404431555,0.20468374004564563,0.019950889550916118,0.190576330753489,0.21879114933780225,10.5,2.1213203435596424,9.0,12.0,549.0,15.556349186104045,538.0,560.0,0.0,0.0,0.0,0.0,0.5,0.7071067811865476,0.0,1.0,81.0,1.4142135623730951,80.0,82.0,1.5,0.7071067811865476,1.0,2.0,180.5,211.4249275747777,31.0,330.0,2.5,0.7071067811865476,2.0,3.0,10.0,0.0,10.0,10.0,1.0,0.0,1.0,1.0,27.5,38.890872965260115,0.0,55.0,0.5,0.7071067811865476,0.0,1.0,27.5,24.748737341529164,10.0,45.0,1.5,0.7071067811865476,1.0,2.0,12.5,17.67766952966369,0.0,25.0,0.5,0.7071067811865476,0.0,1.0,20.0,28.284271247461902,0.0,40.0,0.5,0.7071067811865476,0.0,1.0,10.0,7.0710678118654755,5.0,15.0,1.5,0.7071067811865476,1.0,2.0,0.0,0.0,0.0,0.0,0.0,0.0,0.0,0.0,0.0,0.0,0.0,0.0,0.0,0.0,0.0,0.0,0.0,0.0,0.0,0.0,0.0,0.0,0.0,0.0,261.5,210.0107140124046,113.0,410.0,55.0,63.63961030678928,10.0,100.0,30.0,21.213203435596427,15.0,45.0,0.0,0.0,0.0,0.0,443.0,,443.0,443.0,351.0,,351.0,351.0,89.0,,89.0,89.0,16.0,,16.0,16.0,3.0,,3.0,3.0,79.23,,79.23,79.23,5.56,,5.56,5.56,18.962,,18.962,18.962,0.0,,0.0,0.0,18.962,,18.962,18.962,34.0,0.0,34.0,34.0,70.0,0.0,70.0,70.0,174.0,0.0,174.0,174.0,23.120623596247853,0.0,23.120623596247853,23.120623596247853,59.0,0.0,59.0,59.0,8.0,0.0,8.0,8.0,19.0,0.0,19.0,19.0,18.0,0.0,18.0,18.0,12.0,0.0,12.0,12.0,6.0,0.0,6.0,6.0,1.0,0.0,1.0,1.0,user_3,34.0,70.0,174.0,23.120623596247853,59.0,8.0,19.0,18.0,12.0,6.0,1.0,11.0,27.0,27.0
2.0,31259.5,15880.911198668671,20030.0,42489.0,1.0105336966883691,0.06765293060452414,0.9626958506907671,1.058371542685971,0.34336176036261856,0.009333345294048438,0.33676208861404133,0.34996143211119574,0.3,0.0,0.3,0.3,1.9995,0.0007071067811864697,1.999,2.0,65.51322101127012,5.008549618089505,61.971641612409734,69.0548004101305,18.793888307019568,0.7935290903781809,18.232778506144363,19.354998107894772,30.007503751875937,0.010611907671633121,30.0,30.015007503751875,200.0,0.0,200.0,200.0,0.34336176036261856,0.009333345294048438,0.33676208861404133,0.34996143211119574,0.5004386410923723,0.04384448391590518,0.46943590919781125,0.5314413729869334,0.5287510042748315,0.025443972370063895,0.5107593988716361,0.5467426096780268,0.34085561707157896,0.03205556312284332,0.31818891101266306,0.36352232313049493,9.5,3.5355339059327378,7.0,12.0,467.5,53.033008588991066,430.0,505.0,0.5,0.7071067811865476,0.0,1.0,0.5,0.7071067811865476,0.0,1.0,87.5,88.38834764831844,25.0,150.0,3.0,0.0,3.0,3.0,0.0,0.0,0.0,0.0,0.0,0.0,0.0,0.0,0.0,0.0,0.0,0.0,0.0,0.0,0.0,0.0,0.0,0.0,0.0,0.0,0.0,0.0,0.0,0.0,55.0,77.78174593052023,0.0,110.0,2.0,2.8284271247461903,0.0,4.0,117.5,166.17009357883867,0.0,235.0,1.5,2.1213203435596424,0.0,3.0,0.0,0.0,0.0,0.0,0.5,0.7071067811865476,0.0,1.0,5.0,7.0710678118654755,0.0,10.0,0.5,0.7071067811865476,0.0,1.0,0.0,0.0,0.0,0.0,0.0,0.0,0.0,0.0,0.0,0.0,0.0,0.0,0.0,0.0,0.0,0.0,5.0,7.0710678118654755,0.0,10.0,1.0,1.4142135623730951,0.0,2.0,87.5,88.38834764831844,25.0,150.0,55.0,77.78174593052023,0.0,110.0,5.0,7.0710678118654755,0.0,10.0,1.0,1.4142135623730951,0.0,2.0,373.0,,373.0,373.0,319.0,,319.0,319.0,50.0,,50.0,50.0,28.0,,28.0,28.0,4.0,,4.0,4.0,85.52,,85.52,85.52,1.79,,1.79,1.79,8.847000000000001,,8.847000000000001,8.847000000000001,14.286,,14.286,14.286,23.133000000000003,,23.133000000000003,23.133000000000003,27.0,0.0,27.0,27.0,76.0,0.0,76.0,76.0,180.0,0.0,180.0,180.0,23.456790123456788,0.0,23.456790123456788,23.456790123456788,60.0,0.0,60.0,60.0,4.0,0.0,4.0,4.0,20.0,0.0,20.0,20.0,17.0,0.0,17.0,17.0,13.0,0.0,13.0,13.0,14.0,0.0,14.0,14.0,1.0,0.0,1.0,1.0,user_4,27.0,76.0,180.0,23.456790123456788,60.0,4.0,20.0,17.0,13.0,14.0,1.0,10.0,28.0,40.0
2.0,38844.0,20269.92298949357,24511.0,53177.0,0.8304620443958369,0.09878238343883355,0.760612351204468,0.9003117375872058,0.1270633292767732,0.004270312150608361,0.1240437625972947,0.13008289595625167,0.3015,0.0021213203435596446,0.3,0.303,1.6600000000000001,0.3917371567773474,1.383,1.937,74.66685032740102,9.393170241780759,68.02487595259817,81.30882470220388,12.67951913327119,2.884434648291139,10.639915833575092,14.71912243296729,37.17984180649236,8.773931035365582,30.97573567372225,43.38394793926247,199.00990099009903,1.4002114478941496,198.01980198019803,200.0,0.1270633292767732,0.004270312150608361,0.1240437625972947,0.13008289595625167,0.07488024162041836,0.0017993966634522543,0.07360787603764682,0.07615260720318989,0.17895495506112677,0.03010838468380102,0.15766511208063788,0.20024479804161566,0.1544012933522505,0.02350792555267811,0.13777867978232328,0.1710239069221777,8.5,7.7781745930520225,3.0,14.0,535.5,161.92745289171938,421.0,650.0,0.0,0.0,0.0,0.0,0.0,0.0,0.0,0.0,150.0,212.13203435596427,0.0,300.0,1.5,2.1213203435596424,0.0,3.0,25.0,35.35533905932738,0.0,50.0,1.0,1.4142135623730951,0.0,2.0,0.0,0.0,0.0,0.0,0.0,0.0,0.0,0.0,0.0,0.0,0.0,0.0,0.0,0.0,0.0,0.0,60.0,70.71067811865476,10.0,110.0,2.5,2.1213203435596424,1.0,4.0,67.5,95.45941546018392,0.0,135.0,1.0,1.4142135623730951,0.0,2.0,0.0,0.0,0.0,0.0,0.0,0.0,0.0,0.0,10.0,0.0,10.0,10.0,1.0,0.0,1.0,1.0,0.0,0.0,0.0,0.0,0.0,0.0,0.0,0.0,0.0,0.0,0.0,0.0,0.0,0.0,0.0,0.0,0.0,0.0,0.0,0.0,0.0,0.0,0.0,0.0,175.0,247.48737341529164,0.0,350.0,60.0,70.71067811865476,10.0,110.0,10.0,0.0,10.0,10.0,0.0,0.0,0.0,0.0,406.0,,406.0,406.0,348.0,,348.0,348.0,58.0,,58.0,58.0,21.0,,21.0,21.0,0.0,,0.0,0.0,85.71,,85.71,85.71,2.76,,2.76,2.76,11.576,,11.576,11.576,9.524,,9.524,9.524,21.1,,21.1,21.1,25.0,0.0,25.0,25.0,80.0,0.0,80.0,80.0,196.0,0.0,196.0,196.0,20.824656393169516,0.0,20.824656393169516,20.824656393169516,52.0,0.0,52.0,52.0,8.0,0.0,8.0,8.0,25.0,0.0,25.0,25.0,23.0,0.0,23.0,23.0,14.0,0.0,14.0,14.0,15.0,0.0,15.0,15.0,1.0,0.0,1.0,1.0,user_5,25.0,80.0,196.0,20.824656393169516,52.0,8.0,25.0,23.0,14.0,15.0,1.0,41.0,54.0,47.0
2.0,45971.0,15366.844568746052,35105.0,56837.0,0.7209639092146497,0.10949852023853886,0.6435367630240865,0.7983910554052129,0.12105541998130039,0.03632409285602506,0.09537040760235524,0.14674043236024553,0.3,0.0,0.3,0.3,1.9875,0.01202081528017124,1.979,1.996,86.72432080895112,12.078840366758525,78.18329087674636,95.26535074115587,15.856253768972568,2.1443942226617803,14.339938072591169,17.37256946535397,30.189231418876155,0.18259077954045255,30.060120240480963,30.318342597271347,200.0,0.0,200.0,200.0,0.12105541998130039,0.03632409285602506,0.09537040760235524,0.14674043236024553,0.0719107156284628,0.01716433840501644,0.05977369554769499,0.08404773570923062,0.21024826031147337,0.13719310061381665,0.1132380885354353,0.3072584320875114,0.16599624046360492,0.025171509874701094,0.14819729513849964,0.1837951857887102,11.0,9.899494936611665,4.0,18.0,588.5,17.67766952966369,576.0,601.0,0.0,0.0,0.0,0.0,0.0,0.0,0.0,0.0,106.5,130.8147545195113,14.0,199.0,3.0,2.8284271247461903,1.0,5.0,48.0,16.97056274847714,36.0,60.0,2.0,1.4142135623730951,1.0,3.0,0.0,0.0,0.0,0.0,0.0,0.0,0.0,0.0,7.5,10.606601717798213,0.0,15.0,0.5,0.7071067811865476,0.0,1.0,47.5,67.17514421272202,0.0,95.0,1.5,2.1213203435596424,0.0,3.0,83.5,118.08683245815344,0.0,167.0,1.5,2.1213203435596424,0.0,3.0,84.5,30.405591591021544,63.0,106.0,1.5,0.7071067811865476,1.0,2.0,1.0,1.4142135623730951,0.0,2.0,0.5,0.7071067811865476,0.0,1.0,0.0,0.0,0.0,0.0,0.0,0.0,0.0,0.0,0.0,0.0,0.0,0.0,0.0,0.0,0.0,0.0,0.0,0.0,0.0,0.0,0.0,0.0,0.0,0.0,154.5,147.78531726798843,50.0,259.0,55.0,77.78174593052023,0.0,110.0,85.5,28.991378028648448,65.0,106.0,0.0,0.0,0.0,0.0,395.0,,395.0,395.0,333.0,,333.0,333.0,62.0,,62.0,62.0,20.0,,20.0,20.0,0.0,,0.0,0.0,84.3,,84.3,84.3,3.1,,3.1,3.1,10.633,,10.633,10.633,4.762,,4.762,4.762,15.395,,15.395,15.395,27.0,0.0,27.0,27.0,62.0,0.0,62.0,62.0,178.0,0.0,178.0,178.0,19.568236333796236,0.0,19.568236333796236,19.568236333796236,48.0,0.0,48.0,48.0,9.0,0.0,9.0,9.0,19.0,0.0,19.0,19.0,19.0,0.0,19.0,19.0,13.0,0.0,13.0,13.0,15.0,0.0,15.0,15.0,1.0,0.0,1.0,1.0,user_6,27.0,62.0,178.0,19.568236333796236,48.0,9.0,19.0,19.0,13.0,15.0,1.0,41.0,32.0,47.0
2.0,41750.5,19026.122161386433,28297.0,55204.0,0.8269023508766798,0.1511661796427812,0.7200117201652054,0.9337929815881543,0.13616882051955506,0.02880959613358016,0.11579735973025479,0.15654028130885533,0.3135,0.010606601717798222,0.306,0.321,1.4929999999999999,0.40163665171395885,1.209,1.777,75.99740158183067,13.518640827148207,66.43827898052885,85.55652418313248,13.850792301177673,0.6654175223941335,13.38027105877243,14.321313543582916,41.69628182553192,11.216848641211143,33.76477208778841,49.62779156327543,191.49715961150815,6.478896657380887,186.91588785046727,196.07843137254903,0.13616882051955506,0.02880959613358016,0.11579735973025479,0.15654028130885533,0.037639412131712235,0.0165385722024666,0.025944875576204764,0.0493339486872197,0.07457133177065321,0.04102946595718102,0.04555911816386791,0.10358354537743851,0.1642331096686202,0.00481689811366246,0.1608270483481648,0.16763917098907563,6.0,5.656854249492381,2.0,10.0,697.5,972.2718241315029,10.0,1385.0,0.0,0.0,0.0,0.0,0.0,0.0,0.0,0.0,77.5,109.60155108391487,0.0,155.0,1.0,1.4142135623730951,0.0,2.0,182.5,251.02290732122438,5.0,360.0,2.0,1.4142135623730951,1.0,3.0,0.0,0.0,0.0,0.0,0.0,0.0,0.0,0.0,0.0,0.0,0.0,0.0,0.0,0.0,0.0,0.0,90.0,127.27922061357856,0.0,180.0,1.0,1.4142135623730951,0.0,2.0,0.0,0.0,0.0,0.0,0.0,0.0,0.0,0.0,60.0,84.8528137423857,0.0,120.0,0.5,0.7071067811865476,0.0,1.0,0.0,0.0,0.0,0.0,0.0,0.0,0.0,0.0,0.0,0.0,0.0,0.0,0.0,0.0,0.0,0.0,0.0,0.0,0.0,0.0,0.0,0.0,0.0,0.0,5.0,0.0,5.0,5.0,1.0,0.0,1.0,1.0,260.0,360.62445840513925,5.0,515.0,90.0,127.27922061357856,0.0,180.0,60.0,84.8528137423857,0.0,120.0,1.0,0.0,1.0,1.0,454.0,,454.0,454.0,342.0,,342.0,342.0,112.0,,112.0,112.0,31.0,,31.0,31.0,0.0,,0.0,0.0,75.33,,75.33,75.33,3.61,,3.61,3.61,17.401,,17.401,17.401,28.125,,28.125,28.125,45.526,,45.526,45.526,25.0,0.0,25.0,25.0,65.0,0.0,65.0,65.0,183.0,0.0,183.0,183.0,19.409358296754156,0.0,19.409358296754156,19.409358296754156,46.0,0.0,46.0,46.0,7.0,0.0,7.0,7.0,19.0,0.0,19.0,19.0,19.0,0.0,19.0,19.0,12.0,0.0,12.0,12.0,6.0,0.0,6.0,6.0,1.0,0.0,1.0,1.0,user_7,25.0,65.0,183.0,19.409358296754156,46.0,7.0,19.0,19.0,12.0,6.0,1.0,69.0,33.0,0.0
3.0,35373.5,17627.464948199442,22909.0,47838.0,0.8565078603010873,0.09588659502021442,0.7887057987374054,0.9243099218647691,0.1594370398616207,0.02841812983039471,0.13934238754990888,0.1795316921733325,0.3,0.0,0.3,0.3,1.9465,0.07283199846221439,1.895,1.998,73.57841534844812,7.167718810055803,68.51007277221929,78.64675792467695,18.020981557382925,3.522338392621216,15.530312194326738,20.51165092043911,30.846149579658814,1.1541673356028483,30.03003003003003,31.662269129287598,200.0,0.0,200.0,200.0,0.1594370398616207,0.02841812983039471,0.13934238754990888,0.1795316921733325,0.09066133607345894,0.043700480047039615,0.05976043029108982,0.12156224185582808,0.16417942205294309,0.06920298617641348,0.11524552124924221,0.21311332285664397,0.18545270920078813,0.012417517107336747,0.17667219864869035,0.1942332197528859,12.5,4.949747468305833,9.0,16.0,2005.0,148.49242404917499,1900.0,2110.0,0.0,0.0,0.0,0.0,0.0,0.0,0.0,0.0,1455.0,21.213203435596427,1440.0,1470.0,3.5,0.7071067811865476,3.0,4.0,185.0,261.6295090390226,0.0,370.0,2.0,2.8284271247461903,0.0,4.0,0.0,0.0,0.0,0.0,0.0,0.0,0.0,0.0,37.5,53.033008588991066,0.0,75.0,0.5,0.7071067811865476,0.0,1.0,40.0,35.35533905932738,15.0,65.0,2.0,1.4142135623730951,1.0,3.0,0.0,0.0,0.0,0.0,0.0,0.0,0.0,0.0,27.5,38.890872965260115,0.0,55.0,0.5,0.7071067811865476,0.0,1.0,20.0,7.0710678118654755,15.0,25.0,1.5,0.7071067811865476,1.0,2.0,0.0,0.0,0.0,0.0,0.0,0.0,0.0,0.0,0.0,0.0,0.0,0.0,0.0,0.0,0.0,0.0,5.0,7.0710678118654755,0.0,10.0,1.0,1.4142135623730951,0.0,2.0,1640.0,282.842712474619,1440.0,1840.0,77.5,88.38834764831844,15.0,140.0,47.5,45.96194077712559,15.0,80.0,1.0,1.4142135623730951,0.0,2.0,416.0,,416.0,416.0,336.0,,336.0,336.0,77.0,,77.0,77.0,27.0,,27.0,27.0,3.0,,3.0,3.0,80.77,,80.77,80.77,2.85,,2.85,2.85,17.308,,17.308,17.308,25.926,,25.926,25.926,43.234,,43.234,43.234,40.0,0.0,40.0,40.0,74.0,0.0,74.0,74.0,184.0,0.0,184.0,184.0,21.85727788279773,0.0,21.85727788279773,21.85727788279773,64.0,0.0,64.0,64.0,3.0,0.0,3.0,3.0,24.0,0.0,24.0,24.0,18.0,0.0,18.0,18.0,12.0,0.0,12.0,12.0,9.0,0.0,9.0,9.0,1.0,0.0,1.0,1.0,user_8,40.0,74.0,184.0,21.85727788279773,64.0,3.0,24.0,18.0,12.0,9.0,1.0,74.0,32.0,39.0
3.0,37600.0,19025.415054605248,24147.0,51053.0,0.8680499446967606,0.18501535083957896,0.7372243354944861,0.998875553899035,0.1842612009234034,0.07752857444143045,0.12944022020014187,0.23908218164666492,0.3065,0.009192388155425127,0.3,0.313,1.6455,0.19445436482630052,1.508,1.783,77.62549481710732,23.204557601282925,61.217394782806316,94.03359485140832,25.11027882403723,22.60206259906121,9.128207091438204,41.092350556636255,36.71947407805222,4.3392658818617145,33.65114974761638,39.787798408488065,195.84664536741212,5.873730450750879,191.69329073482427,200.0,0.1842612009234034,0.07752857444143045,0.12944022020014187,0.23908218164666492,0.04689733271542039,0.0012570100482948425,0.04600849238625148,0.047786173044589306,0.2071684661213612,0.01790522385011835,0.1945075609182794,0.21982937132444297,0.22694318987064255,0.1376839536321286,0.12958593259679024,0.32430044714449485,9.5,7.7781745930520225,4.0,15.0,1305.0,1053.589103967956,560.0,2050.0,5.0,7.0710678118654755,0.0,10.0,0.5,0.7071067811865476,0.0,1.0,5.0,7.0710678118654755,0.0,10.0,0.5,0.7071067811865476,0.0,1.0,670.0,947.5230867899737,0.0,1340.0,2.0,2.8284271247461903,0.0,4.0,0.0,0.0,0.0,0.0,0.0,0.0,0.0,0.0,30.0,42.42640687119285,0.0,60.0,1.0,1.4142135623730951,0.0,2.0,60.0,84.8528137423857,0.0,120.0,1.5,2.1213203435596424,0.0,3.0,180.0,254.55844122715712,0.0,360.0,1.0,1.4142135623730951,0.0,2.0,45.0,63.63961030678928,0.0,90.0,0.5,0.7071067811865476,0.0,1.0,0.0,0.0,0.0,0.0,0.0,0.0,0.0,0.0,0.0,0.0,0.0,0.0,0.0,0.0,0.0,0.0,0.0,0.0,0.0,0.0,0.0,0.0,0.0,0.0,10.0,0.0,10.0,10.0,1.0,0.0,1.0,1.0,675.0,954.5941546018391,0.0,1350.0,90.0,127.27922061357856,0.0,180.0,45.0,63.63961030678928,0.0,90.0,1.0,0.0,1.0,1.0,630.0,,630.0,630.0,578.0,,578.0,578.0,49.0,,49.0,49.0,4.0,,4.0,4.0,3.0,,3.0,3.0,91.75,,91.75,91.75,12.25,,12.25,12.25,8.095,,8.095,8.095,0.0,,0.0,0.0,8.095,,8.095,8.095,20.0,0.0,20.0,20.0,70.0,0.0,70.0,70.0,175.0,0.0,175.0,175.0,22.857142857142858,0.0,22.857142857142858,22.857142857142858,44.0,0.0,44.0,44.0,9.0,0.0,9.0,9.0,20.0,0.0,20.0,20.0,18.0,0.0,18.0,18.0,14.0,0.0,14.0,14.0,10.0,0.0,10.0,10.0,1.0,0.0,1.0,1.0,user_9,20.0,70.0,175.0,22.857142857142858,44.0,9.0,20.0,18.0,14.0,10.0,1.0,38.0,36.0,41.0
